country_name	ccode	index	election_id	year	partyname	cmpcode	self_sup	self_supp_t1	self_supp_t2	self_supp_ch_t	self_supp_ch_t1	party_all	party_all_t1	party_all_t2	party_ch_all_voters_t	party_ch_all_voters_t1	abs_party_all_ch	n_pid	toofew	party_sup	party_supp_t1	party_ch_supporters_t	party_ch_supporters_t1	party_ind	party_ind_t1	party_ind_ch	party_ind_ch1	party_oth	party_oth_t1	party_others_ch	party_others_ch1	interpolated_expert	interpolated_expert_t1	interpolated_expert_t2	interpolated_expert_ch1	interpolated_expert_ch2	interpolated_expert_10	interpolated_expert_t1_10	interpolated_expert_t2_10	interpolated_expert_ch1_10	interpolated_expert_ch2_10	abs_interp_expert_ch	emp_posit_t	emp_posit_t1	emp_posit_t2	emp_ch1	emp_ch2	emp_posit_t_10	emp_posit_t1_10	emp_posit_t2_10	emp_ch1_10	emp_ch2_10	abs_epmch	greens	ingovt	vote	anti_eu	extremism_expert	extremism_cmp_lr	cmp_eu_ratio	cmp_eu_ratio_t1	cmp_eu_ratio_t2	cmp_eu_ratio_ch1	cmp_eu_ratio_ch2
"Denmark"	13.0	14041	4.0	2004.0	"SF"	13230	5.2	4.731		0.46899986		5.087	4.103		0.9839997		0.9839997	47.0		6.298	4.452	1.8459997		4.95082	4.26409	0.6867299		5.07265	3.91599	1.1566598		3.35	2.5714285		0.77857137		4.5249996	3.357143		1.1678567		0.77857137	0.0	1.6129032	1.0822511	-1.6129032	0.53065217	5.5	5.572581	5.5487013	-0.072580814	0.023879528	1.6129032	0.0	0.0	7.9	1.0	1.0799999	33.846153		0.11111112	-1.0		1.1111112
"Denmark"	13.0	14091	5.0	2009.0	"SF"	13230	5.871	5.2	4.731	0.671	0.46899986	6.191	5.087	4.103	1.1040001	0.9839997	1.1040001	121.0		6.556	6.298	0.25800037	1.8459997	6.20479	4.95082	1.2539701	0.6867299	6.07506	5.07265	1.0024099	1.1566598	4.354091	3.35	2.5714285	1.0040913	0.77857137	6.0311365	4.5249996	3.357143	1.5061369	1.1678567	1.0040913	5.8252425	0.0	1.6129032	5.8252425	-1.6129032	5.762136	5.5	5.572581	0.26213598	-0.072580814	5.8252425	0.0	0.0	15.4	0.0	0.3499999	37.142857		-0.6666666			
"Denmark"	13.0	14041	4.0	2004.0	"SD"	13320	5.067	4.905		0.1619997		6.412	6.641		-0.22899961		0.22899961	206.0		6.384	6.96	-0.5760002		6.42891	6.80226	-0.37335014		6.40741	6.31788	0.08952999		5.775	5.142857		0.632143		8.1625	7.214286		0.94821453		0.632143	13.953488	22.680412	18.65285	-8.726924	4.027563	6.127907	6.5206184	6.3393784	-0.39271164	0.18124008	8.726924	0.0	0.0	32.6	0.0	1.77	13.357079	0.27272728	-1.0	0.0	1.2727273	-1.0
"Denmark"	13.0	14091	5.0	2009.0	"SD"	13320	6.12	5.067	4.905	1.053	0.1619997	6.42	6.412	6.641	0.007999897	-0.22899961	0.007999897	144.0		6.975	6.384	0.5910001	-0.5760002	6.27885	6.42891	-0.1500597	-0.37335014	6.34927	6.40741	-0.058140278	0.08952999	5.876818	5.775	5.142857	0.101818085	0.632143	8.3152275	8.1625	7.214286	0.15272713	0.94821453	0.101818085	6.7961164	13.953488	22.680412	-7.157372	-8.726924	5.805825	6.127907	6.5206184	-0.32208157	-0.39271164	7.157372	0.0	0.0	20.9	0.0	1.8800001	8.5470085			0.27272728		
"Denmark"	13.0	14041	4.0	2004.0	"RV"	13410	6.936	5.905		1.0309997		6.448	5.997		0.45099974		0.45099974	45.0		7.289	6.095	1.1940002		6.40701	6.12941	0.2776003		6.39869	5.87234	0.52635		6.2200003	5.571429		0.6485715		8.83	7.8571434		0.9728565		0.6485715	12.101911	18.548388	20.27027	-6.446477	-1.7218819	6.044586	6.334677	6.4121623	-0.29009104	-0.077485085	6.446477	0.0	0.0	6.4	0.0	1.77	3.773585	1.0	0.33333334	1.0	0.6666666	-0.6666666
"Denmark"	13.0	14091	5.0	2009.0	"RV"	13410	7.686	6.936	5.905	0.75	1.0309997	6.559	6.448	5.997	0.11100006	0.45099974	0.11100006	21.0		8.243	7.289	0.954	1.1940002	6.52017	6.40701	0.11316013	0.2776003	6.51624	6.39869	0.117549896	0.52635	6.7811365	6.2200003	5.571429	0.56113625	0.6485715	9.671705	8.83	7.8571434	0.8417053	0.9728565	0.56113625	8.226221	12.101911	18.548388	-3.8756895	-6.446477	5.87018	6.044586	6.334677	-0.17440605	-0.29009104	3.8756895	0.0	0.0	4.1	0.0	2.7810001	9.615385	1.0	1.0	1.0	0.0	0.0
"Denmark"	13.0	14041	4.0	2004.0	"V"	13420	5.765	6.355		-0.59000015		6.664	7.58		-0.9159999		0.9159999	195.0		7.062	7.737	-0.6750002		6.80549	7.73371	-0.9282198		6.31579	7.30216	-0.9863696		6.365	7.0		-0.6350002		9.0475	10.0		-0.95250034		0.6350002	21.974522	31.597221	14.689265	-9.6227	16.907955	6.4888535	6.921875	6.161017	-0.43302155	0.76085806	9.6227	0.0	1.0	19.4	0.0	2.62	36.231884			0.0		
"Denmark"	13.0	14091	5.0	2009.0	"V"	13420	5.686	5.765	6.355	-0.078999996	-0.59000015	5.932	6.664	7.58	-0.7319999	-0.9159999	0.7319999	139.0		6.555	7.062	-0.50699997	-0.6750002	5.99068	6.80549	-0.8148098	-0.9282198	5.67039	6.31579	-0.64540005	-0.9863696	6.0956817	6.365	7.0	-0.2693181	-0.6350002	8.643522	9.0475	10.0	-0.4039774	-0.95250034	0.2693181	12.44168	21.974522	31.597221	-9.532842	-9.6227	6.0598755	6.4888535	6.921875	-0.42897797	-0.43302155	9.532842	0.0	1.0	19.6	0.0	2.0949998	6.976744					
"Denmark"	13.0	14041	4.0	2004.0	"KF"	13620	5.509	6.619		-1.1100001		6.319	6.898		-0.579		0.579	53.0		6.585	7.571	-0.98600006		6.49626	7.10174	-0.6054797		6.1449	6.63441	-0.48951006		5.88	6.0		-0.119999886		8.32	8.5		-0.1800003		0.119999886	17.80822	17.241379	35.251797	0.5668411	-18.010418	6.3013697	6.275862	7.086331	0.02550745	-0.8104687	0.5668411	0.0	1.0	11.3	0.0	1.54	20.37037	1.0	0.8333333	1.0	0.16666669	-0.16666669
"Denmark"	13.0	14091	5.0	2009.0	"KF"	13620	6.025	5.509	6.619	0.5160003	-1.1100001	5.893	6.319	6.898	-0.42599964	-0.579	0.42599964	47.0		6.343	6.585	-0.2420001	-0.98600006	5.85593	6.49626	-0.6403303	-0.6054797	5.87636	6.1449	-0.2685399	-0.48951006	5.9868183	5.88	6.0	0.1068182	-0.119999886	8.480227	8.32	8.5	0.16022778	-0.1800003	0.1068182	10.138248	17.80822	17.241379	-7.6699715	0.5668411	5.956221	6.3013697	6.275862	-0.34514856	0.02550745	7.6699715	0.0	1.0	12.3	0.0	1.987	17.355371	1.0	0.33333334	1.0	0.6666666	-0.6666666
"Denmark"	13.0	14041	4.0	2004.0	"DF"	13720	2.936	3.25		-0.3139999		2.389	2.197		0.19199991		0.19199991	26.0	1.0	3.346	2.5	0.84599996		2.47982	2.22767	0.25215006		2.27143	2.15504	0.11638999		1.9749999	1.4285715		0.54642844		2.4624999	1.6428572		0.81964266		0.54642844	-18.3099	-33.33		15.023468		4.6760545	4.0001497		0.67590475		15.023468	0.0	0.0	6.8	1.0	2.38	35.0	-1.0	-1.0		0.0	
"Denmark"	13.0	14091	5.0	2009.0	"DF"	13720	3.896	2.936	3.25	0.9599998	-0.3139999	3.316	2.389	2.197	0.92700005	0.19199991	0.92700005	52.0		4.894	3.346	1.5480001	0.84599996	3.39754	2.47982	0.9177201	0.25215006	3.09218	2.27143	0.82075	0.11638999	2.355227	1.9749999	1.4285715	0.3802271	0.54642844	3.0328405	2.4624999	1.6428572	0.57034063	0.81964266	0.3802271	-37.83784	-18.3099	-33.33	-19.527977	15.023468	3.7972972	4.6760545	4.0001497	-0.87875724	0.67590475	19.527977	0.0	0.0	14.8	1.0	1.6470001	14.893617	-0.6666667	-1.0	-1.0	0.3333333	0.0
"Finland"	14.0	15041	4.0	2004.0	"VIHR"	14110	4.824	5.455		-0.63100004		5.216	5.525		-0.30900002		0.30900002	39.0	1.0	5.692	6.286	-0.59399986		5.03404	5.41121	-0.3771701		5.2849	5.59048	-0.30557966		5.67	5.2		0.47000027		8.005	7.2999997		0.7050004		0.47000027	6.2818336	2.8673835	0.7518797	3.4144502	2.1155038	5.7826824	5.629032	5.5338345	0.15365028	0.09519768	3.4144502	1.0	0.0	10.4	0.0	1.6700001	33.522728	-0.33333334				
"Finland"	14.0	15091	5.0	2009.0	"VIHR"	14110	5.842	4.824	5.455	1.0180001	-0.63100004	6.242	5.216	5.525	1.026	-0.30900002	1.026	60.0		6.61	5.692	0.9180002	-0.59399986	6.22581	5.03404	1.1917701	-0.3771701	6.20289	5.2849	0.91798973	-0.30557966	6.0008335	5.67	5.2	0.33083344	0.47000027	8.50125	8.005	7.2999997	0.49625015	0.7050004	0.33083344	1.7241379	6.2818336	2.8673835	-4.557696	3.4144502	5.577586	5.7826824	5.629032	-0.20509624	0.15365028	4.557696	1.0	1.0	12.4	0.0	2.0	21.470589	0.6	-0.33333334		0.9333334	
"Finland"	14.0	15041	4.0	2004.0	"VAS"	14223	4.371	3.909		0.4619999		3.981	4.956		-0.9749999		0.9749999	30.0	1.0	4.333	4.0	0.33300018		3.89362	5.01923	-1.1256099		4.00817	4.97802	-0.96985006		4.4700003	5.0		-0.52999973		6.2050004	7.0		-0.7949996		0.52999973	8.333333	3.626943	0.0	4.70639	3.626943	5.875	5.6632123	5.5	0.2117877	0.1632123	4.70639	0.0	0.0	9.1	0.0	0.44000006	45.945946	1.0	0.0		1.0	
"Finland"	14.0	15091	5.0	2009.0	"VAS"	14223	3.954	4.371	3.909	-0.41699982	0.4619999	4.585	3.981	4.956	0.6040001	-0.9749999	0.6040001	32.0		4.234	4.333	-0.09899998	0.33300018	4.50282	3.89362	0.6092	-1.1256099	4.58909	4.00817	0.58091974	-0.96985006	4.2083335	4.4700003	5.0	-0.26166677	-0.52999973	5.8125	6.2050004	7.0	-0.3925004	-0.7949996	0.26166677	-2.5641026	8.333333	3.626943	-10.897436	4.70639	5.3846154	5.875	5.6632123	-0.49038458	0.2117877	10.897436	0.0	0.0	5.9	0.0	0.21000004	42.05128	0.6363636	1.0	0.0	-0.36363637	1.0
"Finland"	14.0	15041	4.0	2004.0	"SPD"	14320	4.593	5.064		-0.4710002		6.441	5.031		1.4099998		1.4099998	90.0		6.356	5.742	0.61399984		6.40323	4.99123	1.4120002		6.49245	4.81707	1.6753802		6.3050003	6.6		-0.2949996		8.9575	9.4		-0.44249916		0.2949996	16.806723	28.301888	21.666666	-11.495165	6.6352215	6.2563024	6.773585	6.475	-0.5172825	0.29858494	11.495165	0.0	1.0	21.2	0.0	2.44	24.742268	0.0		1.0		
"Finland"	14.0	15091	5.0	2009.0	"SPD"	14320	5.143	4.593	5.064	0.5500002	-0.4710002	6.216	6.441	5.031	-0.2249999	1.4099998	0.2249999	101.0		6.409	6.356	0.052999973	0.61399984	6.21518	6.40323	-0.18805027	1.4120002	6.17197	6.49245	-0.32048035	1.6753802	5.9591665	6.3050003	6.6	-0.34583378	-0.2949996	8.438749	8.9575	9.4	-0.51875114	-0.44249916	0.34583378	3.7313433	16.806723	28.301888	-13.075379	-11.495165	5.6679106	6.2563024	6.773585	-0.5883918	-0.5172825	13.075379	0.0	0.0	17.5	0.0	1.96	36.43216	1.0	0.0		1.0	
"Finland"	14.0	15041	4.0	2004.0	"KD"	14520	2.79	4.5		-1.71		5.146	5.457		-0.31099987		0.31099987	16.0	1.0	4.25	6.667	-2.4169998		5.0625	5.30612	-0.24361992		5.23577	5.57292	-0.33714962		3.9450002	2.6		1.3450003		5.4175005	3.3999999		2.0175006		1.3450003	-4.83871	-2.7027028		-2.136007		5.282258	5.3783784		-0.09612036		2.136007	0.0	0.0	4.3	1.0	0.109999895	7.8125			-1.0		
"Finland"	14.0	15091	5.0	2009.0	"KD"	14520	3.813	2.79	4.5	1.023	-1.71	5.576	5.146	5.457	0.4300003	-0.31099987	0.4300003	16.0	1.0	5.331	4.25	1.0809999	-2.4169998	5.51756	5.0625	0.45506	-0.24361992	5.60765	5.23577	0.37187958	-0.33714962	3.8333335	3.9450002	2.6	-0.11166668	1.3450003	5.25	5.4175005	3.3999999	-0.1675005	2.0175006	0.11166668	-16.990292	-4.83871	-2.7027028	-12.151582	-2.136007	4.735437	5.282258	5.3783784	-0.5468211	-0.09612036	12.151582	0.0	0.0	14.0	1.0	0.17000008	15.107914	0.0				
"Finland"	14.0	15041	4.0	2004.0	"KOK"	14620	5.359	5.306		0.052999973		6.977	5.659		1.3180003		1.3180003	85.0		7.188	6.682	0.50600004		6.89243	5.52679	1.3656397		6.98777	5.57609	1.4116802		6.67	7.0		-0.32999992		9.505	10.0		-0.4949999		0.32999992	9.246575	12.727273	18.439716	-3.4806976	-5.7124434	5.9160957	6.072727	6.3297873	-0.15663147	-0.25706005	3.4806976	0.0	0.0	23.7	0.0	2.67	9.7561		1.0	1.0		0.0
"Finland"	14.0	15091	5.0	2009.0	"KOK"	14620	5.558	5.359	5.306	0.19899988	0.052999973	7.317	6.977	5.659	0.33999968	1.3180003	0.33999968	128.0		7.335	7.188	0.14699984	0.50600004	7.26035	6.89243	0.3679204	1.3656397	7.34157	6.98777	0.35379982	1.4116802	6.500834	6.67	7.0	-0.16916609	-0.32999992	9.251251	9.505	10.0	-0.2537489	-0.4949999	0.16916609	18.918919	9.246575	12.727273	9.672343	-3.4806976	6.3513513	5.9160957	6.072727	0.43525553	-0.15663147	9.672343	0.0	1.0	23.2	0.0	2.5	20.555555	0.99999994		1.0		
"Finland"	14.0	15041	4.0	2004.0	"KESK"	14810	4.015	3.413		0.60199976		5.362	5.173		0.18900013		0.18900013	111.0		5.478	4.846	0.63199997		5.43674	5.02679	0.40994978		5.26299	5.45977	-0.1967802		5.2650003	4.0		1.2650003		7.3975005	5.5		1.8975005		1.2650003	13.902439	15.636364	3.937008	-1.7339249	11.699356	6.12561	6.203636	5.6771655	-0.078026295	0.52647066	1.7339249	0.0	1.0	23.4	0.0	0.7800002	7.636364	0.5	1.0	1.0	-0.5	0.0
"Finland"	14.0	15091	5.0	2009.0	"KESK"	14810	4.698	4.015	3.413	0.6830001	0.60199976	6.253	5.362	5.173	0.8909998	0.18900013	0.8909998	99.0		6.518	5.478	1.04	0.63199997	6.26244	5.43674	0.8257003	0.40994978	6.19079	5.26299	0.9278002	-0.1967802	5.4875	5.2650003	4.0	0.22249985	1.2650003	7.7312503	7.3975005	5.5	0.33374977	1.8975005	0.22249985	0.0	13.902439	15.636364	-13.902439	-1.7339249	5.5	6.12561	6.203636	-0.6256099	-0.078026295	13.902439	0.0	1.0	19.0	0.0	1.4899998	15.089514	0.84615386	0.5	1.0	0.34615386	-0.5
"Finland"	14.0	15041	4.0	2004.0	"SFP"	14901	5.72	4.455		1.2649999		6.051	5.634		0.4170003		0.4170003	19.0	1.0	6.526	6.8333	-0.3073001		5.94348	5.40187	0.54161024		6.09366	5.80583	0.28782988		6.4449997	6.4		0.0449996		9.1675	9.1		0.06749916		0.0449996	18.218624	27.433628	15.140845	-9.215004	12.292783	6.319838	6.7345133	6.181338	-0.41467524	0.55317545	9.215004	0.0	1.0	5.7	0.0	2.56	19.931273		1.0	1.0		0.0
"Finland"	14.0	15091	5.0	2009.0	"SFP"	14901	5.712	5.72	4.455	-0.007999897	1.2649999	6.402	6.051	5.634	0.35099983	0.4170003	0.35099983	15.0	1.0	6.64	6.526	0.11399984	-0.3073001	6.44245	5.94348	0.49897003	0.54161024	6.37899	6.09366	0.2853303	0.28782988	6.3324995	6.4449997	6.4	-0.11250019	0.0449996	8.998749	9.1675	9.1	-0.16875076	0.06749916	0.11250019	12.307693	18.218624	27.433628	-5.9109316	-9.215004	6.0538464	6.319838	6.7345133	-0.2659917	-0.41467524	5.9109316	0.0	1.0	6.1	0.0	2.33	25.471699			1.0		
"Netherlands"	22.0	23041	4.0	2004.0	"GREENS"	22110	5.782	7.0		-1.2179999		5.181	5.72		-0.53899956		0.53899956	99.0		5.869	6.378	-0.5089998		4.70513	5.90698	-1.2018499		5.13836	5.55778	-0.41941977		5.415	4.4545455		0.96045446		7.6225	6.181818		1.4406819		0.96045446	9.545163	15.833333	3.8575668	-6.28817	11.975766	5.9295325	6.2125	5.6735907	-0.28296757	0.53890944	6.28817	1.0	0.0	7.4	0.0	1.3800001	19.964664	1.0	0.9756097	0.8064516	0.02439028	0.1691581
"Netherlands"	22.0	23091	5.0	2009.0	"GREENS"	22110	7.105	5.782	7.0	1.323	-1.2179999	6.216	5.181	5.72	1.0349998	-0.53899956	1.0349998	75.0		7.384	5.869	1.5149999	-0.5089998	5.97368	4.70513	1.2685499	-1.2018499	6.11008	5.13836	0.97171974	-0.41941977	6.0232143	5.415	4.4545455	0.6082144	0.96045446	8.5348215	7.6225	6.181818	0.91232157	1.4406819	0.6082144	13.521127	9.545163	15.833333	3.9759636	-6.28817	6.108451	5.9295325	6.2125	0.17891836	-0.28296757	3.9759636	1.0	0.0	8.87	0.0	2.02	12.423448	0.8235294	1.0	0.9756097	-0.17647058	0.02439028
"Netherlands"	22.0	23041	4.0	2004.0	"SP"	22210	4.78	6.219		-1.4389997		4.204	4.674		-0.4699998		0.4699998	120.0		4.233	5.391	-1.158		4.0	5.04274	-1.0427399		4.22334	4.58043	-0.35709		2.5	2.6		-0.099999905		3.25	3.3999999		-0.14999986		0.099999905	0.75301206	-28.370222	-40.566036	29.123234	12.195814	5.5338855	4.22334	3.6745284	1.3105454	0.5488117	29.123234	0.0	0.0	7.0	1.0	0.0						
"Netherlands"	22.0	23091	5.0	2009.0	"SP"	22210	5.32	4.78	6.219	0.53999996	-1.4389997	5.178	4.204	4.674	0.974	-0.4699998	0.974	67.0		5.943	4.233	1.71	-1.158	5.23243	4.0	1.23243	-1.0427399	5.09279	4.22334	0.8694501	-0.35709	2.3214283	2.5	2.6	-0.1785717	-0.099999905	2.9821424	3.25	3.3999999	-0.26785755	-0.14999986	0.1785717	-8.783784	0.75301206	-28.370222	-9.536796	29.123234	5.1047297	5.5338855	4.22334	-0.42915583	1.3105454	9.536796	0.0	0.0	7.1	1.0	1.6800001						
"Netherlands"	22.0	23041	4.0	2004.0	"PVDA"	22320	5.377	6.657		-1.2800002		5.958	6.501		-0.54299974		0.54299974	230.0		6.026	6.848	-0.822		5.64706	6.18939	-0.54233027		5.97428	6.48403	-0.5097499		5.8450003	6.5454545		-0.70045424		8.2675	9.318182		-1.0506821		0.70045424	14.52514	23.00885	18.562874	-8.48371	4.4459763	6.153631	6.5353985	6.3353295	-0.38176727	0.20006895	8.48371	0.0	0.0	23.6	0.0	2.1100001	2.7568922	1.0	1.0	1.0	0.0	0.0
"Netherlands"	22.0	23091	5.0	2009.0	"PVDA"	22320	6.608	5.377	6.657	1.231	-1.2800002	6.53	5.958	6.501	0.572	-0.54299974	0.572	131.0		6.977	6.026	0.9510002	-0.822	6.37692	5.64706	0.7298603	-0.54233027	6.45481	5.97428	0.48053026	-0.5097499	5.3592854	5.8450003	6.5454545	-0.4857149	-0.70045424	7.538928	8.2675	9.318182	-0.7285719	-1.0506821	0.4857149	9.807516	14.52514	23.00885	-4.7176237	-8.48371	5.941338	6.153631	6.5353985	-0.21229315	-0.38176727	4.7176237	0.0	1.0	12.05	0.0	1.3600001	0.8377421	0.4358974	1.0	1.0	-0.5641026	0.0
"Netherlands"	22.0	23041	4.0	2004.0	"D66"	22330	5.696	7.039		-1.3429999		6.209	5.967		0.2420001		0.2420001	72.0		6.708	6.838	-0.12999964		6.03615	5.88636	0.14978981		6.18205	5.924	0.25805044		6.4700003	6.6363635		-0.16636324		9.205	9.454545		-0.2495451		0.16636324	14.095745	28.4	23.282442	-14.304255	5.1175575	6.1343083	6.778	6.54771	-0.64369154	0.23028994	14.304255	0.0	1.0	4.2	0.0	2.44	8.393285	0.39999998	1.0	1.0	-0.6	0.0
"Netherlands"	22.0	23091	5.0	2009.0	"D66"	22330	6.865	5.696	7.039	1.1689997	-1.3429999	6.768	6.209	5.967	0.559	0.2420001	0.559	113.0		7.427	6.708	0.71899986	-0.12999964	6.41139	6.03615	0.37523985	0.14978981	6.6948	6.18205	0.5127497	0.25805044	6.607143	6.4700003	6.6363635	0.13714266	-0.16636324	9.410714	9.205	9.454545	0.20571423	-0.2495451	0.13714266	14.643696	14.095745	28.4	0.54795074	-14.304255	6.1589665	6.1343083	6.778	0.024658203	-0.64369154	0.54795074	0.0	0.0	11.32	0.0	2.6100001	1.3262606	0.84615386	0.39999998	1.0	0.44615388	-0.6
"Netherlands"	22.0	23041	4.0	2004.0	"VVD"	22420	5.952	6.354		-0.40199995		5.961	5.77		0.19099998		0.19099998	151.0		5.801	6.349	-0.54799986		5.77011	5.47059	0.29952002		6.01465	5.65679	0.3578601		4.4700003	5.4545455		-0.98454523		6.2050004	7.681818		-1.4768176		0.98454523	13.662239	18.644068	11.137441	-4.9818287	7.506627	6.114801	6.338983	6.001185	-0.22418213	0.33779812	4.9818287	0.0	1.0	13.2	0.0	0.44000006	28.078817	1.0	1.0	0.5609756	0.0	0.4390244
"Netherlands"	22.0	23091	5.0	2009.0	"VVD"	22420	5.699	5.952	6.354	-0.25300026	-0.40199995	6.252	5.961	5.77	0.2909999	0.19099998	0.2909999	70.0		6.644	5.801	0.84299994	-0.54799986	5.85065	5.77011	0.0805397	0.29952002	6.25733	6.01465	0.24268007	0.3578601	4.0714283	4.4700003	5.4545455	-0.39857197	-0.98454523	5.6071424	6.2050004	7.681818	-0.59785795	-1.4768176	0.39857197	9.411765	13.662239	18.644068	-4.250474	-4.9818287	5.9235296	6.114801	6.338983	-0.1912713	-0.22418213	4.250474	0.0	0.0	11.39	0.0	0.07000017	20.810312	0.8461538	1.0	1.0	-0.1538462	0.0
"Netherlands"	22.0	23041	4.0	2004.0	"CDA"	22521	4.796	6.939		-2.1430001		6.544	6.332		0.21200037		0.21200037	146.0		6.719	7.155	-0.43600035		6.42529	6.22388	0.2014103		6.52394	6.14252	0.38142014		5.5550003	6.4545455		-0.8995452		7.8325005	9.181818		-1.3493176		0.8995452	21.052631	14.545455	18.018019	6.5071764	-3.4725637	6.4473686	6.1545453	6.310811	0.2928233	-0.15626574	6.5071764	0.0	1.0	24.4	0.0	1.7800002	2.467344	1.0	1.0	1.0	0.0	0.0
"Netherlands"	22.0	23091	5.0	2009.0	"CDA"	22521	6.312	4.796	6.939	1.5159998	-2.1430001	6.642	6.544	6.332	0.09800005	0.21200037	0.09800005	152.0		6.921	6.719	0.20200014	-0.43600035	6.30769	6.42529	-0.117599964	0.2014103	6.61541	6.52394	0.091469765	0.38142014	5.2967854	5.5550003	6.4545455	-0.25821495	-0.8995452	7.445178	7.8325005	9.181818	-0.38732243	-1.3493176	0.25821495	15.212264	21.052631	14.545455	-5.8403673	6.5071764	6.1845517	6.4473686	6.1545453	-0.2628169	0.2928233	5.8403673	0.0	1.0	20.05	0.0	1.3000002	4.000001	0.5802469	1.0	1.0	-0.41975307	0.0
"France"	31.0	32041	4.0	2004.0	"LES VERTS"	31110	7.018	7.55		-0.53200006		5.292	6.21		-0.9180002		0.9180002	57.0		6.912	8.067	-1.1550002		4.94108	6.18965	-1.24857		5.48494	6.05706	-0.5721197		4.965	5.142857		-0.17785692		6.9475	7.214286		-0.26678562		0.17785692	7.106599	8.527132		-1.4205332		5.819797	5.883721		-0.063923836		1.4205332	1.0	0.0	7.4	0.0	1.1500001	12.781955	1.0	1.0		0.0	
"France"	31.0	32091	5.0	2009.0	"EE"	31110	5.804	7.018	7.55	-1.2140002	-0.53200006	6.406	5.292	6.21	1.1140003	-0.9180002	1.1140003	75.0		7.204	6.912	0.29199982	-1.1550002	6.26573	4.94108	1.3246498	-1.24857	6.34743	5.48494	0.8624902	-0.5721197	5.7783337	4.965	5.142857	0.8133335	-0.17785692	8.1675005	6.9475	7.214286	1.2200003	-0.26678562	0.8133335	5.151515	7.106599	8.527132	-1.9550838	-1.4205332	5.731818	5.819797	5.883721	-0.08797884	-0.063923836	1.9550838	1.0	0.0	16.28	0.0	1.7800002		0.9411764	1.0	1.0	-0.058823586	0.0
"France"	31.0	32041	4.0	2004.0	"PC"	31220						3.749	5.242		-1.493		1.493		1.0					3.563	4.99091	-1.4279101						2.44	2.7142856		-0.27428555		3.16	3.5714283		-0.4114282		0.27428555	-3.8043478	15.384615	-21.797752	-19.188963	37.182365	5.3288045	6.1923075	4.519101	-0.863503	1.6732063	19.188963	0.0	0.0	5.3	1.0	1.23	17.5	1.0	-1.0	-0.33333334	2.0	-0.6666666
"France"	31.0	32091	5.0	2009.0	"EXTRA-GAUCHE"	31220	4.529					4.492	3.749	5.242	0.74300003	-1.493	0.74300003	33.0		6.155				4.512	3.563	0.9490001	-1.4279101	4.35106				2.6108334	2.44	2.7142856	0.17083335	-0.27428555	3.4162502	3.16	3.5714283	0.25625014	-0.4114282	0.17083335	0.0	-3.8043478	15.384615	3.8043478	-19.188963	5.5	5.3288045	6.1923075	0.1711955	-0.863503	3.8043478	0.0	0.0		1.0	1.3900001		1.0	1.0	-1.0	0.0	2.0
"France"	31.0	32041	4.0	2004.0	"PS"	31320	6.027	6.93		-0.9029999		5.624	6.2		-0.57599974		0.57599974	329.0		6.629	6.955	-0.32599974		5.2496				5.38107				5.385	6.428571		-1.043571		7.5775003	9.142857		-1.5653563		1.043571	18.309858	10.97561	16.294643	7.3342485	-5.3190336	6.3239436	5.993902	6.2332587	0.3300414	-0.23935652	7.3342485	0.0	0.0	28.9	0.0	1.77	16.091953	0.8	1.0	1.0	-0.19999999	0.0
"France"	31.0	32091	5.0	2009.0	"PS"	31320	5.946	6.027	6.93	-0.08099985	-0.9029999	5.93	5.624	6.2	0.30599976	-0.57599974	0.30599976	114.0		7.174	6.629	0.5449996	-0.32599974	5.85709	5.2496	0.60749006		5.61105	5.38107	0.22997999		5.84375	5.385	6.428571	0.45874977	-1.043571	8.265625	7.5775003	9.142857	0.68812466	-1.5653563	0.45874977	4.6511626	18.309858	10.97561	-13.658695	7.3342485	5.7093024	6.3239436	5.993902	-0.6146412	0.3300414	13.658695	0.0	0.0	16.48	0.0	1.8499999		1.0	0.8	1.0	0.19999999	-0.19999999
"France"	31.0	32041	4.0	2004.0	"UDF"	31624	6.898	6.95		-0.052000046		5.833	5.942		-0.10899973		0.10899973	59.0	1.0	7.814	7.083	0.73099995		5.47134	5.93722	-0.46587992		6.0	5.90598	0.09401989		6.355	6.428571		-0.073571205		9.0325	9.142857		-0.11035633		0.073571205	22.258415	22.12885		0.12956429		6.501629	6.495798		0.005830765		0.12956429	0.0	0.0	12.0	0.0	2.38	7.204611	1.0	1.0		0.0	
"France"	31.0	32041	4.0	2004.0	"FN"	31720	2.955	5.333		-2.3780003		2.631						20.0		4.3				2.743				2.47989				1.0	1.1428572		-0.1428572		1.0	1.2142859		-0.21428585		0.1428572	-34.520123	-16.90141	-11.111111	-17.618713	-5.7902985	3.9465945	4.7394366	5.0	-0.79284215	-0.26056337	17.618713	0.0	0.0	9.8	1.0	3.0	27.564102	-1.0	-1.0	0.0022272053	0.0	-1.0022272
"France"	31.0	32091	5.0	2009.0	"FN"	31720	3.443	2.955	5.333	0.48800015	-2.3780003	2.735	2.631		0.10399985		0.10399985	8.0	1.0	8.313	4.3	4.0129995		3.02137	2.743	0.2783699		2.503	2.47989	0.023109913		1.1666665	1.0	1.1428572	0.16666651	-0.1428572	1.2499998	1.0	1.2142859	0.24999976	-0.21428585	0.16666651	-46.56085	-34.520123	-16.90141	-12.040726	-17.618713	3.4047618	3.9465945	4.7394366	-0.5418327	-0.79284215	12.040726	0.0	0.0	6.3	1.0	2.83		-1.0	-1.0	-1.0	0.0	0.0
"Italy"	32.0	33041	4.0	2004.0	"RC"	32212	6.439	6.406		0.032999992		5.106	4.169		0.9369998		0.9369998	42.0		6.357	6.092	0.26499987		6.0	4.17401	1.8259902		5.02273	4.02578	0.9969497		3.27	3.0		0.26999998		4.4049997	4.0		0.40499973		0.26999998	-2.1606648	-1.317523	-26.31579	-0.8431418	24.998268	5.40277	5.4407115	4.315789	-0.037941456	1.1249223	0.8431418	0.0	0.0	6.1	1.0	0.46000004	32.378517	-0.516129	-0.75	-1.0	0.23387098	0.25
"Italy"	32.0	33041	4.0	2004.0	"FORZA ITALIA"	32610	5.811	6.0747		-0.2637		5.469	5.754		-0.28500032		0.28500032	127.0		6.929	7.211	-0.28200006		5.8	5.20043	0.5995703		5.20584	5.46804	-0.26219988		4.375	4.8333335		-0.4583335		6.0625	6.75		-0.6875		0.4583335	12.618297	12.941176	9.756098	-0.3228798	3.1850786	6.0678234	6.082353	5.9390244	-0.014529705	0.14332867	0.3228798	0.0	1.0	21.0	0.0	0.6199999	18.67955	1.0		1.0		
"Italy"	32.0	33041	4.0	2004.0	"AN/MSI"	32710	5.809	6.686		-0.87699986		5.381	5.399		-0.018000126		0.018000126	102.0		6.735	7.029	-0.29399967		5.44444	4.88367	0.56077003		5.19041	5.23559	-0.045179844		4.5299997	3.6666667		0.863333		6.2949996	5.0		1.2949996		0.863333	14.393939	13.076923	3.1847134	1.3170156	9.89221	6.1477275	6.0884614	5.643312	0.05926609	0.44514942	1.3170156	0.0	1.0	11.5	0.0	0.30999994	18.67955	1.0		0.07692311		
"Italy"	32.0	33041	4.0	2004.0	"LEGA NORD"	32720	4.968	5.649		-0.68100023		3.513	3.739		-0.22600007		0.22600007	40.0		5.125	5.705	-0.5799999		4.33333	3.68545	0.6478801		3.42105	3.69614	-0.27508998		1.905	3.1666667		-1.2616668		2.3575	4.25		-1.8924999		1.2616668	-7.951807	15.320911	23.555555	-23.272718	-8.234644	5.1421685	6.189441	6.56	-1.0472727	-0.37055874	23.272718	0.0	1.0	5.0	1.0	1.69	18.67955	1.0	1.0	1.0	0.0	0.0
"Italy"	32.0	33091	5.0	2009.0	"LEGA NORD"	32720	4.9	4.968	5.649	-0.06799984	-0.68100023	4.269	3.513	3.739	0.75600004	-0.22600007	0.75600004	58.0		5.236	5.125	0.11100006	-0.5799999	4.50526	4.33333	0.17192984	0.6478801	4.179	3.42105	0.7579498	-0.27508998	2.3750002	1.905	3.1666667	0.47000027	-1.2616668	3.0625005	2.3575	4.25	0.7050004	-1.8924999	0.47000027	-3.6195884	-7.951807	15.320911	4.3322186	-23.272718	5.3371186	5.1421685	6.189441	0.1949501	-1.0472727	4.3322186	0.0	1.0	10.2	1.0	1.6600001			1.0	1.0		0.0
"Spain"	33.0	34041	4.0	2004.0	"IU"	33220	7.29	7.292		-0.001999855		5.849	4.508		1.3410001		1.3410001	29.0	1.0	6.862	6.235	0.62699986		5.98077	4.53425	1.4465203		5.73719	4.35417	1.3830199		4.46	3.6666667		0.7933333		6.19	5.0		1.19		0.7933333	2.2526934	7.6923075	8.031496	-5.4396143	-0.33918858	5.6013713	5.8461537	5.8614173	-0.24478245	-0.015263557	5.4396143	0.0	0.0	4.2	0.0	0.3800001	16.511795	0.06666666	-0.5660378	-0.0780142	0.63270444	-0.48802358
"Spain"	33.0	34091	5.0	2009.0	"IU"	33220	7.143	7.29	7.292	-0.14699984	-0.001999855	5.375	5.849	4.508	-0.47399998	1.3410001	0.47399998	36.0		7.6	6.862	0.7379999	0.62699986	5.38053	5.98077	-0.60024023	1.4465203	5.17981	5.73719	-0.5573797	1.3830199	4.6975	4.46	3.6666667	0.23750019	0.7933333	6.5462503	6.19	5.0	0.3562503	1.19	0.23750019	0.7386888	2.2526934	7.6923075	-1.5140046	-5.4396143	5.533241	5.6013713	5.8461537	-0.06813049	-0.24478245	1.5140046	0.0	0.0	3.73	0.0	0.6999998	16.812016	-0.1304348	0.06666666	-0.5660378	-0.19710146	0.63270444
"Spain"	33.0	34041	4.0	2004.0	"PSOE"	33320	6.343	6.804		-0.46099997		6.509	6.362		0.14699984		0.14699984	299.0		6.84	6.8	0.03999996		6.61798	6.26748	0.3505001		6.036	6.28571	-0.24971008		6.8450003	6.9166665		-0.07166624		9.7675	9.875		-0.10750008		0.07166624	20.88889	21.468927	21.370968	-0.5800381	0.09795952	6.44	6.4661016	6.461694	-0.02610159	0.0044078827	0.5800381	0.0	1.0	43.5	0.0	2.69	12.390964	1.0	1.0	1.0	0.0	0.0
"Spain"	33.0	34091	5.0	2009.0	"PSOE"	33320	7.249	6.343	6.804	0.90600014	-0.46099997	6.549	6.509	6.362	0.03999996	0.14699984	0.03999996	186.0		7.261	6.84	0.421	0.03999996	6.55882	6.61798	-0.059160233	0.3505001	6.13933	6.036	0.103330135	-0.24971008	6.8125	6.8450003	6.9166665	-0.032500267	-0.07166624	9.71875	9.7675	9.875	-0.048749924	-0.10750008	0.032500267	2.227723	20.88889	21.468927	-18.661167	-0.5800381	5.6002474	6.44	6.4661016	-0.8397527	-0.02610159	18.661167	0.0	1.0	38.51	0.0	2.81	23.224104	1.0	1.0	1.0	0.0	0.0
"Spain"	33.0	34041	4.0	2004.0	"PP"	33610	6.058	7.122		-1.0640001		5.499	6.75		-1.2509999		1.2509999	128.0		6.703	7.714	-1.0110002		5.94318	6.59357	-0.65039015		4.93447	6.445	-1.51053		6.075	6.4166665		-0.3416667		8.612499	9.125		-0.51250076		0.3416667	13.869863	11.18677	3.4188035	2.683092	7.767967	6.1241436	6.0034046	5.6538463	0.12073898	0.34955835	2.683092	0.0	0.0	41.2	0.0	2.23	9.308952	1.0	1.0	1.0	0.0	0.0
"Spain"	33.0	34091	5.0	2009.0	"PP"	33610	7.029	6.058	7.122	0.9709997	-1.0640001	6.311	5.499	6.75	0.8119998	-1.2509999	0.8119998	168.0		7.605	6.703	0.90199995	-1.0110002	6.33976	5.94318	0.39657974	-0.65039015	5.65088	4.93447	0.7164097	-1.51053	5.98	6.075	6.4166665	-0.09499979	-0.3416667	8.47	8.612499	9.125	-0.14249897	-0.51250076	0.09499979	7.627829	13.869863	11.18677	-6.2420335	2.683092	5.843252	6.1241436	6.0034046	-0.28089142	0.12073898	6.2420335	0.0	0.0	42.23	0.0	1.98	4.6028223	1.0	1.0	1.0	0.0	0.0
"Spain"	33.0	34041	4.0	2004.0	"CIU"	33611	5.3	7.429		-2.1289997									1.0													6.385	6.5833335		-0.19833326		9.0775	9.375		-0.29749966		0.19833326	7.681756	9.683099	9.701492	-2.0013428	-0.018393517	5.845679	5.9357395	5.9365673	-0.09006071	-8.277893E-4	2.0013428	0.0	0.0		0.0	2.46	0.25096548	1.0	1.0	0.939759	0.0	0.060240984
"Spain"	33.0	34091	5.0	2009.0	"CIU"	33611	6.068	5.3	7.429	0.76799965	-2.1289997	4.909						16.0	1.0	7.188				4.79655				4.85791				6.145682	6.385	6.5833335	-0.23931837	-0.19833326	8.718523	9.0775	9.375	-0.35897732	-0.29749966	0.23931837	4.7417445	7.681756	9.683099	-2.9400115	-2.0013428	5.7133784	5.845679	5.9357395	-0.13230038	-0.09006071	2.9400115	0.0	0.0		0.0	2.15	9.433962	1.0	1.0	1.0	0.0	0.0
"Greece"	34.0	35041	4.0	2004.0	"KKE"	34210	5.346	5.546		-0.19999981		2.744	3.544		-0.79999995		0.79999995	26.0	1.0	3.269	3.947	-0.678		2.92683	3.5597	-0.63286996		2.60079	3.49495	-0.89416003		1.1800001	1.0		0.18000007		1.2700001	1.0		0.2700001		0.18000007	-11.640212	-15.757576	-11.971831	4.117364	-3.7857447	4.9761906	4.7909093	4.9612675	0.18528128	-0.17035818	4.117364	0.0	0.0	9.5	1.0	2.6399999		-1.0	-0.9402985	-1.0	-0.059701502	0.059701502
"Greece"	34.0	35091	5.0	2009.0	"KKE"	34210	4.967	5.346	5.546	-0.3790002	-0.19999981	3.085	2.744	3.544	0.34100008	-0.79999995	0.34100008	51.0		4.141	3.269	0.87199974	-0.678	3.33459	2.92683	0.4077599	-0.63286996	2.83057	2.60079	0.22977996	-0.89416003	1.0	1.1800001	1.0	-0.18000007	0.18000007	1.0	1.2700001	1.0	-0.2700001	0.2700001	0.18000007	-8.510638	-11.640212	-15.757576	3.1295738	4.117364	5.117021	4.9761906	4.7909093	0.14083052	0.18528128	3.1295738	0.0	0.0	8.35	1.0	3.0						
"Greece"	34.0	35041	4.0	2004.0	"LEFT ALL"	34211	6.818	7.177		-0.3590002		4.4	4.935		-0.53499985		0.53499985	11.0	1.0	7.455	5.706	1.7490001		4.11765	4.76471	-0.6470599		4.4	4.98515	-0.58514977		4.55	5.0		-0.4499998		6.3250003	7.0		-0.6749997		0.4499998	1.6587678	7.6045628		-5.945795		5.5746446	5.8422055		-0.26756096		5.945795	0.0	0.0	4.2	0.0	2.0		0.104477614	-0.2	0.8333333	0.30447763	-1.0333333
"Greece"	34.0	35091	5.0	2009.0	"LEFT ALL"	34211	6.738	6.818	7.177	-0.07999992	-0.3590002	4.585	4.4	4.935	0.18499994	-0.53499985	0.18499994	38.0	1.0	5.855	7.455	-1.5999999	1.7490001	4.726	4.11765	0.6083498	-0.6470599	4.40535	4.4	0.005350113	-0.58514977	2.4113636	4.55	5.0	-2.1386366	-0.4499998	3.1170454	6.3250003	7.0	-3.207955	-0.6749997	2.1386366	-4.524887	1.6587678	7.6045628	-6.183655	-5.945795	5.29638	5.5746446	5.8422055	-0.27826452	-0.26756096	6.183655	0.0	0.0	4.7	0.0	1.5899999						
"Greece"	34.0	35041	4.0	2004.0	"PASOK"	34313	6.644	7.593		-0.9489999		6.784	6.987		-0.20300007		0.20300007	93.0		7.258	7.667	-0.40899992		6.91057	6.85135	0.059220314		6.47959	6.75817	-0.2785802		6.8	7.0		-0.19999981		9.700001	10.0		-0.29999924		0.19999981	16.086956	9.771987	19.123507	6.314969	-9.35152	6.223913	5.939739	6.3605576	0.28417397	-0.42081833	6.314969	0.0	0.0	34.0	0.0	2.8200002		0.9711539	0.9797297	0.8782609	-0.008575797	0.1014688
"Greece"	34.0	35091	5.0	2009.0	"PASOK"	34313	6.243	6.644	7.593	-0.40100002	-0.9489999	6.904	6.784	6.987	0.119999886	-0.20300007	0.119999886	181.0		7.375	7.258	0.1170001	-0.40899992	6.81035	6.91057	-0.1002202	0.059220314	6.72411	6.47959	0.24452019	-0.2785802	6.2631817	6.8	7.0	-0.5368185	-0.19999981	8.894773	9.700001	10.0	-0.80522823	-0.29999924	0.5368185	16.842106	16.086956	9.771987	0.75514984	6.314969	6.257895	6.223913	5.939739	0.0339818	0.28417397	0.75514984	0.0	0.0	36.65	0.0	2.2600002						
"Greece"	34.0	35041	4.0	2004.0	"ND"	34511	6.912	7.425		-0.513		7.283	7.146		0.13700008		0.13700008	155.0		7.858	8.082	-0.22399998		7.125	6.85034	0.2746601		6.77536	6.78195	-0.0065898895		6.61	6.714286		-0.10428572		9.415	9.571428		-0.15642834		0.10428572	12.79269	4.8192773		7.973413		6.075671	5.7168674		0.35880375		7.973413	0.0	1.0	43.0	0.0	2.5500002		0.9775281	0.9848485	1.0	-0.007320404	-0.015151501
"Greece"	34.0	35091	5.0	2009.0	"ND"	34511	6.115	6.912	7.425	-0.7970004	-0.513	6.955	7.283	7.146	-0.32800007	0.13700008	0.32800007	178.0		7.689	7.858	-0.16899967	-0.22399998	6.83615	7.125	-0.28884983	0.2746601	6.66502	6.77536	-0.11034012	-0.0065898895	5.6220455	6.61	6.714286	-0.9879546	-0.10428572	7.9330683	9.415	9.571428	-1.4819317	-0.15642834	0.9879546	11.403509	12.79269	4.8192773	-1.3891811	7.973413	6.013158	6.075671	5.7168674	-0.06251335	0.35880375	1.3891811	0.0	1.0	32.29	0.0	1.6199999						
"Portugal"	35.0	36091	5.0	2009.0	"CDU"	35229	4.981	5.333	4.818	-0.35200024	0.51500034	4.098	3.526	4.387	0.572	-0.86100006	0.572	43.0		5.877	5.32	0.5569997	0.50200033	5.05	3.68345	1.3665502	-1.8220499	3.79358	3.39692	0.3966601	-0.5445001	3.2	3.255	2.6	-0.055000067	0.6550002	4.3	4.3825	3.3999999	-0.08249998	0.9825003	0.055000067	-15.42484	-27.6596		12.234735		4.805882	4.255318		0.5505638		12.234735	0.0	0.0	10.64	1.0	0.79999995	23.883928	-0.6333333	-0.73333335	0.1780822	0.100000024	-0.9114156
"Portugal"	35.0	36041	4.0	2004.0	"PS"	35311	5.9	6.957		-1.0569997		6.206	7.558		-1.3520002		1.3520002	243.0		7.181	8.322	-1.1409993		6.10204	7.25556	-1.1535201		5.52012	7.13287	-1.61275		6.88	7.0		-0.119999886		9.82	10.0		-0.1800003		0.119999886	15.89404	22.380953	16.836735	-6.4869127	5.544218	6.215232	6.507143	6.257653	-0.29191113	0.24948978	6.4869127	0.0	0.0	44.5	0.0	2.8600001	9.897088	0.9398497	1.0	1.0	-0.060150325	0.0
"Portugal"	35.0	36091	5.0	2009.0	"PS"	35311	5.733	5.9	6.957	-0.1670003	-1.0569997	6.076	6.206	7.558	-0.12999964	-1.3520002	0.12999964	154.0		6.686	7.181	-0.49500036	-1.1409993	6.89565	6.10204	0.7936101	-1.1535201	5.66274	5.52012	0.14262009	-1.61275	6.975	6.88	7.0	0.09499979	-0.119999886	9.9625	9.82	10.0	0.14249992	-0.1800003	0.09499979	13.578275	15.89404	22.380953	-2.3157654	-6.4869127	6.1110225	6.215232	6.507143	-0.10420942	-0.29191113	2.3157654	0.0	1.0	26.53	0.0	2.98	10.556465	0.86363643	0.9398497	1.0	-0.07621324	-0.060150325
"Portugal"	35.0	36091	5.0	2009.0	"PSD"	35313	5.751	6.31	6.467	-0.559	-0.15700006	6.397	6.396	7.283	9.999275E-4	-0.8870001	9.999275E-4	163.0		7.162	7.326	-0.16400003	-0.50499964	6.69118	6.31544	0.37574005	-0.7289996	5.99724	5.96825	0.028990269	-1.2185602	6.65	6.515	6.6	0.13500023	-0.08500004	9.475	9.2725	9.4	0.20250034	-0.12749958	0.13500023	16.037735	11.009174	18.881119	5.0285606	-7.8719444	6.2216983	5.995413	6.3496504	0.22628546	-0.35423756	5.0285606	0.0	0.0	31.71	0.0	2.65	2.014756	0.41666666	0.28813562	0.91304344	0.12853104	-0.62490785
"Portugal"	35.0	36091	5.0	2009.0	"CDS-PP"	35314	5.394	5.391	4.563	0.0030002594	0.8279996	5.634	4.594	5.077	1.04	-0.48300028	1.04	30.0	1.0	6.19	6.222	-0.032000065	0.40400028	5.605	4.16547	1.4395299	-2.0030699	5.60192	4.65134	0.9505801	0.019979954	5.45	4.505	4.0	0.9449997	0.5050001	7.6749997	6.2575	5.5	1.4174995	0.7575002	0.9449997	1.5075377	-4.132231	16.836735	5.639769	-20.968966	5.567839	5.3140497	6.257653	0.25378942	-0.9436035	5.639769	0.0	0.0	8.36	0.0	1.4499998						
"Germany"	41.0	42041	4.0	2004.0	"GRUNEN"	41113	6.55	7.455		-0.90499973		6.132	5.553		0.579		0.579	35.0		7.2	7.333	-0.13300037		6.06468	5.50972	0.55496025		6.01905	5.41414	0.6049099		6.09	5.6666665		0.42333364		8.635	8.0		0.6350002		0.42333364	8.280254	10.033822	8.231884	-1.7535677	1.801938	5.8726115	5.951522	5.8704348	-0.07891035	0.08108711	1.7535677	1.0	1.0	11.9	0.0	2.3600001	24.669188	1.0	1.0	1.0	0.0	0.0
"Germany"	41.0	42091	5.0	2009.0	"GRUNEN"	41113	6.667	6.55	7.455	0.116999626	-0.90499973	6.061	6.132	5.553	-0.0710001	0.579	0.0710001	60.0		7.195	7.2	-0.0049996376	-0.13300037	5.88802	6.06468	-0.17666006	0.55496025	6.04037	6.01905	0.021319866	0.6049099	5.955	6.09	5.6666665	-0.13500023	0.42333364	8.4325	8.635	8.0	-0.20250034	0.6350002	0.13500023	6.6449246	8.280254	10.033822	-1.6353297	-1.7535677	5.7990217	5.8726115	5.951522	-0.0735898	-0.07891035	1.6353297	1.0	0.0	12.1	0.0	1.96	12.139037	0.8292683	1.0	1.0	-0.17073172	0.0
"Germany"	41.0	42041	4.0	2004.0	"PDS"	41221	7.625	6.8		0.8249998		4.218	3.649		0.569		0.569	6.0	1.0	6.333	6.368	-0.034999847		4.22857	3.7619	0.46667004		4.14634	3.39702	0.7493198		3.67	3.2		0.47000003		5.005	4.3		0.7049999		0.47000003	5.5846424	9.162099	4.3209877	-3.5774565	4.841111	5.751309	5.9122944	5.6944447	-0.16098547	0.21784973	3.5774565	0.0	0.0	6.1	1.0	0.07000017	29.928741	0.80952376	0.72413796	1.0	0.0853858	-0.27586204
"Germany"	41.0	42091	5.0	2009.0	"PDS"	41221	5.691	7.625	6.8	-1.934	0.8249998	4.045	4.218	3.649	-0.17299986	0.569	0.17299986	33.0	1.0	5.855	6.333	-0.47800016	-0.034999847	4.11167	4.22857	-0.11689997	0.46667004	3.87189	4.14634	-0.27444983	0.7493198	3.2880883	3.67	3.2	-0.38191175	0.47000003	4.4321327	5.005	4.3	-0.5728674	0.7049999	0.38191175	0.2367798	5.5846424	9.162099	-5.3478627	-3.5774565	5.510655	5.751309	5.9122944	-0.24065399	-0.16098547	5.3478627	0.0	0.0	7.5	1.0	0.73	32.235703	0.37500003	0.80952376	0.72413796	-0.43452373	0.0853858
"Germany"	41.0	42041	4.0	2004.0	"SPD"	41320	6.026	6.759		-0.7329998		6.214	6.549		-0.33499956		0.33499956	63.0		6.921	7.226	-0.30499983		6.09756	6.36117	-0.2636099		6.10526	6.48611	-0.38085032		6.0550003	6.2		-0.1449995		8.5825	8.799999		-0.21749878		0.1449995	16.22807	12.5	14.84375	3.7280693	-2.34375	6.230263	6.0625	6.1679688	0.16776323	-0.10546875	3.7280693	0.0	1.0	21.5	0.0	2.1100001	4.619226	0.8545455	1.0	1.0	-0.14545453	0.0
"Germany"	41.0	42091	5.0	2009.0	"SPD"	41320	6.153	6.026	6.759	0.12699986	-0.7329998	6.35	6.214	6.549	0.13599968	-0.33499956	0.13599968	130.0		6.843	6.921	-0.07800007	-0.30499983	6.24393	6.09756	0.14636993	-0.2636099	6.28373	6.10526	0.17847013	-0.38085032	5.9117646	6.0550003	6.2	-0.14323568	-0.1449995	8.367647	8.5825	8.799999	-0.21485329	-0.21749878	0.14323568	10.814815	16.22807	12.5	-5.4132547	3.7280693	5.9866667	6.230263	6.0625	-0.24359655	0.16776323	5.4132547	0.0	1.0	20.8	0.0	1.9099998	2.0431328	0.67999995	0.8545455	1.0	-0.17454553	-0.14545453
"Germany"	41.0	42041	4.0	2004.0	"FDP"	41420	4.722	8.0		-3.2779999		5.55	5.555		-0.0049996376		0.0049996376	17.0	1.0	5.235	6.571	-1.336		5.40933	5.43044	-0.021110058		5.69507	5.67371	0.02135992		6.42	6.733333		-0.31333303		9.13	9.599999		-0.4699993		0.31333303	5.3008595	15.099715	16.89008	-9.798856	-1.7903643	5.7385387	6.179487	6.2600536	-0.4409485	-0.080566406	9.798856	0.0	0.0	6.1	0.0	2.5700002	6.0570073	0.9705882	1.0	0.9583334	-0.029411793	0.041666627
"Germany"	41.0	42091	5.0	2009.0	"FDP"	41420	5.789	4.722	8.0	1.0669999	-3.2779999	5.718	5.55	5.555	0.16799974	-0.0049996376	0.16799974	54.0	1.0	6.883	5.235	1.6479998	-1.336	5.64421	5.40933	0.23487997	-0.021110058	5.64085	5.69507	-0.054219723	0.02135992	6.0675	6.42	6.733333	-0.35249996	-0.31333303	8.60125	9.13	9.599999	-0.5287504	-0.4699993	0.35249996	5.1703877	5.3008595	15.099715	-0.1304717	-9.798856	5.7326674	5.7385387	6.179487	-0.005871296	-0.4409485	0.1304717	0.0	0.0	11.0	0.0	2.1999998	15.9830265	0.592233	0.9705882	1.0	-0.3783552	-0.029411793
"Germany"	41.0	42041	4.0	2004.0	"CDU"	41521	5.443	6.826		-1.3830004		5.681	6.781		-1.0999999		1.0999999	109.0		6.835	7.535	-0.6999998		5.40099	6.60417	-1.2031798		5.19149	6.57414	-1.3826499		6.5	6.733333		-0.23333311		9.25	9.599999		-0.34999943		0.23333311	10.9375	13.043478	8.852259	-2.105978	4.1912193	5.9921875	6.0869565	5.8983517	-0.094769	0.18860483	2.105978	0.0	0.0	36.5	0.0	2.6399999	22.550545	0.86046517	0.61904764	1.0	0.24141753	-0.38095236
"Germany"	41.0	42091	5.0	2009.0	"CDU"	41521	5.396	5.443	6.826	-0.04699993	-1.3830004	6.322	5.681	6.781	0.6409998	-1.0999999	0.6409998	191.0		6.848	6.835	0.013000011	-0.6999998	6.1887	5.40099	0.7877102	-1.2031798	6.17127	5.19149	0.9797797	-1.3826499	6.09	6.5	6.733333	-0.40999985	-0.23333311	8.635	9.25	9.599999	-0.6149998	-0.34999943	0.40999985	14.823529	10.9375	13.043478	3.8860292	-2.105978	6.167059	5.9921875	6.0869565	0.17487144	-0.094769	3.8860292	0.0	1.0	30.7	0.0	2.0900002	25.41507	0.05263158	0.86046517	0.61904764	-0.8078336	0.24141753
"Austria"	42.0	43041	4.0	2004.0	"GREENS"	42110	6.217	6.2		0.017000198		5.864	5.012		0.85199976		0.85199976	110.0	1.0	6.691	6.052	0.63899994		5.61162	4.96385	0.6477699		5.84236	4.93902	0.90333986		6.13	5.3		0.8299999		8.695	7.4500003		1.2449994		0.8299999	17.220543	5.210918	-11.666667	12.0096245	16.877584	6.2749243	5.7344913	4.975	0.54043293	0.75949144	12.0096245	1.0	0.0	12.9	0.0	2.13		1.0	-1.0	0.0	2.0	-1.0
"Austria"	42.0	43091	5.0	2009.0	"GREENS"	42110	6.746	6.217	6.2	0.5289998	0.017000198	6.406	5.864	5.012	0.5420003	0.85199976	0.5420003	87.0		7.631	6.691	0.94000006	0.63899994	6.30509	5.61162	0.69347	0.6477699	6.24727	5.84236	0.4049101	0.90333986	6.0860715	6.13	5.3	-0.043928623	0.8299999	8.629107	8.695	7.4500003	-0.06589222	1.2449994	0.043928623	7.1017275	17.220543	5.210918	-10.118815	12.0096245	5.8195777	6.2749243	5.7344913	-0.45534658	0.54043293	10.118815	1.0	0.0	9.93	0.0	2.0900002		1.0	1.0	1.0	0.0	0.0
"Austria"	42.0	43041	4.0	2004.0	"SPO"	42320	4.365	5.323		-0.9580002		5.585	6.112		-0.52699995		0.52699995	223.0		5.767	6.324	-0.5569997		5.62236	6.07487	-0.45250988		5.40741	6.04545	-0.63804007		6.19	6.6		-0.40999985		8.785	9.4		-0.6149998		0.40999985	9.9009905	14.777328	10.680751	-4.876337	4.0965767	5.9455447	6.16498	5.9806337	-0.21943521	0.1843462	4.876337	0.0	0.0	33.3	0.0	2.38		1.0	0.82857144	1.0	0.17142856	-0.17142856
"Austria"	42.0	43091	5.0	2009.0	"SPO"	42320	4.71	4.365	5.323	0.34500027	-0.9580002	6.263	5.585	6.112	0.678	-0.52699995	0.678	166.0		6.731	5.767	0.96399975	-0.5569997	6.20986	5.62236	0.5874996	-0.45250988	6.11744	5.40741	0.7100301	-0.63804007	5.464286	6.19	6.6	-0.7257142	-0.40999985	7.696429	8.785	9.4	-1.0885711	-0.6149998	0.7257142	2.0	9.9009905	14.777328	-7.9009905	-4.876337	5.59	5.9455447	6.16498	-0.35554457	-0.21943521	7.9009905	0.0	1.0	23.74	0.0	1.4699998		0.8148148	0.93333334	1.0	-0.11851853	-0.06666666
"Austria"	42.0	43041	4.0	2004.0	"FPO"	42420	3.177	3.793		-0.61599994		3.197	3.749		-0.55200005		0.55200005	32.0		3.25	5.174	-1.9239998		3.38529	3.70588	-0.32059002		3.066	3.61017	-0.5441699		2.19	2.6		-0.40999985		2.785	3.3999999		-0.6149998		0.40999985	-14.285714	-33.566433	-21.963825	19.28072	-11.602608	4.857143	3.9895105	4.5116277	0.8676324	-0.52211714	19.28072	0.0	1.0	6.3	1.0	1.3699999		1.0	0.14285712	-1.0	0.85714287	1.1428571
"Austria"	42.0	43091	5.0	2009.0	"FPO"	42420	2.653	3.177	3.793	-0.5239999	-0.61599994	2.956	3.197	3.749	-0.24099994	-0.55200005	0.24099994	45.0		3.86	3.25	0.6099999	-1.9239998	2.90662	3.38529	-0.47866988	-0.32059002	2.85	3.066	-0.21600008	-0.5441699	1.8839283	2.19	2.6	-0.30607176	-0.40999985	2.3258924	2.785	3.3999999	-0.45910764	-0.6149998	0.30607176	-26.31579	-14.285714	-33.566433	-12.030076	19.28072	4.315789	4.857143	3.9895105	-0.5413537	0.8676324	12.030076	0.0	0.0	12.71	1.0	2.1100001		-0.6	0.06666667	1.0	-0.6666667	-0.93333334
"Austria"	42.0	43041	4.0	2004.0	"OVP"	42520	4.742	5.554		-0.8119998		6.214	6.366		-0.15199995		0.15199995	156.0		6.526	7.266	-0.7399998		5.95029	6.19681	-0.24651957		6.32461	6.1844	0.14021015		6.69	6.8		-0.11000013		9.535	9.700001		-0.16500092		0.11000013	33.534744	19.315403	25.0	14.219341	-5.684597	7.0090637	6.369193	6.625	0.63987064	-0.25580692	14.219341	0.0	1.0	32.7	0.0	2.88		1.0	0.9102564	1.0	0.089743614	-0.089743614
"Austria"	42.0	43091	5.0	2009.0	"OVP"	42520	5.129	4.742	5.554	0.38700008	-0.8119998	6.787	6.214	6.366	0.57299995	-0.15199995	0.57299995	196.0		6.937	6.526	0.41099977	-0.7399998	6.80909	5.95029	0.85879993	-0.24651957	6.69926	6.32461	0.37465	0.14021015	6.4464283	6.69	6.8	-0.24357176	-0.11000013	9.169642	9.535	9.700001	-0.3653574	-0.16500092	0.24357176	15.120968	33.534744	19.315403	-18.413776	14.219341	6.180444	7.0090637	6.369193	-0.82861996	0.63987064	18.413776	0.0	1.0	29.98	0.0	2.4499998		0.9047619	1.0	1.0	-0.09523809	0.0
"Britain"	51.0	52041	4.0	2004.0	"Labour"	51320	5.625	5.61		0.0149998665		5.324	5.772		-0.44799995		0.44799995	198.0		6.591	6.149	0.4419999		5.14175	5.67704	-0.53529024		4.99701	5.76027	-0.7632599		5.22	5.3846154		-0.16461563		7.33	7.5769234		-0.24692345		0.16461563	22.173914	12.5	8.768268	9.673914	3.7317324	6.497826	6.0625	5.8945723	0.4353261	0.16792774	9.673914	0.0	1.0	21.9	0.0	1.2199998	5.5837564	1.0	0.8064516	1.0	0.19354838	-0.19354838
"Britain"	51.0	52091	5.0	2009.0	"Labour"	51320	5.447	5.625	5.61	-0.17799997	0.0149998665	5.499	5.324	5.772	0.17500019	-0.44799995	0.17500019	129.0		7.167	6.591	0.57599974	0.4419999	5.23476	5.14175	0.09300995	-0.53529024	5.16471	4.99701	0.16769981	-0.7632599	4.905	5.22	5.3846154	-0.31499958	-0.16461563	6.8575	7.33	7.5769234	-0.47249985	-0.24692345	0.31499958	9.35412	22.173914	12.5	-12.819794	9.673914	5.9209356	6.497826	6.0625	-0.57689047	0.4353261	12.819794	0.0	1.0	15.31	0.0	0.90999985	3.0898874	0.8518519	1.0	0.8064516	-0.14814812	0.19354838
"Britain"	51.0	52041	4.0	2004.0	"Liberals"	51421	5.042	5.656		-0.6140003		5.148	5.265		-0.1170001		0.1170001	86.0		6.198	7.2	-1.0019999		5.04681	5.18831	-0.1415		5.10025	5.16129	-0.0610404		6.4449997	6.6153846		-0.17038488		9.1675	9.423077		-0.2555771		0.17038488	11.314984	10.477453	7.9395084	0.8375311	2.5379448	6.0091743	5.9714856	5.857278	0.037688732	0.114207745	0.8375311	0.0	0.0	14.4	0.0	2.67	0.2610966	0.74545455	0.6744186	1.0	0.07103592	-0.32558137
"Britain"	51.0	52091	5.0	2009.0	"Liberals"	51421	5.385	5.042	5.656	0.3430004	-0.6140003	5.476	5.148	5.265	0.32800007	-0.1170001	0.32800007	45.0		6.88	6.198	0.68200016	-1.0019999	5.275	5.04681	0.22818995	-0.1415	5.57267	5.10025	0.47242022	-0.0610404	6.055	6.4449997	6.6153846	-0.38999987	-0.17038488	8.5824995	9.1675	9.423077	-0.58500004	-0.2555771	0.38999987	17.561983	11.314984	10.477453	6.246999	0.8375311	6.2902894	6.0091743	5.9714856	0.28111506	0.037688732	6.246999	0.0	0.0	13.36	0.0	2.2199998	3.2116785	0.8666667	0.74545455	0.6744186	0.121212125	0.07103592
"Britain"	51.0	52041	4.0	2004.0	"Conserv"	51620	2.689	3.64		-0.9510002		4.334	4.097		0.23699999		0.23699999	168.0		4.97	4.387	0.5829997		4.45816	4.20388	0.2542801		3.76163	3.71782	0.04381013		2.28	2.1538463		0.12615371		2.92	2.7307694		0.18923068		0.12615371	-17.679558	-11.09375	8.26087	-6.585808	-19.35462	4.70442	5.000781	5.8717394	-0.29636097	-0.8709583	6.585808	0.0	0.0	25.9	1.0	2.0	14.917127	-0.6111111	-0.15068491	0.29032257	-0.4604262	-0.4410075
"Britain"	51.0	52091	5.0	2009.0	"Conserv"	51620	3.606	2.689	3.64	0.91700006	-0.9510002	5.186	4.334	4.097	0.85199976	0.23699999	0.85199976	153.0		6.124	4.97	1.1540003	0.5829997	4.9391	4.45816	0.48093987	0.2542801	5.08767	3.76163	1.3260398	0.04381013	2.3400002	2.28	2.1538463	0.06000018	0.12615371	3.0100002	2.92	2.7307694	0.09000015	0.18923068	0.06000018	-8.521303	-17.679558	-11.09375	9.158255	-6.585808	5.1165414	4.70442	5.000781	0.4121213	-0.29636097	9.158255	0.0	0.0	27.0	1.0	1.6600001	14.5348835	-0.42857143	-0.6111111	-0.15068491	0.18253967	-0.4604262
"Ireland"	53.0	54041	4.0	2004.0	"GREENS"	53110	5.267	5.5		-0.2329998		4.924	5.083		-0.1590004		0.1590004	28.0	1.0	6.5	5.0	1.5		5.02828	5.06087	-0.03259039		4.78744	5.13978	-0.35234022		2.925	2.3333333		0.5916667		3.8874998	3.0		0.8874998		0.5916667	4.249292	1.3422819		2.90701		5.691218	5.560403		0.13081503		2.90701	1.0	0.0	4.3	1.0	1.25	30.485437	-0.6	-0.9	-1.0	0.29999995	0.100000024
"Ireland"	53.0	54091	5.0	2009.0	"GREENS"	53110	5.846	5.267	5.5	0.579	-0.2329998	5.152	4.924	5.083	0.22800016	-0.1590004	0.22800016	11.0	1.0	6.482	6.5	-0.018000126	1.5	5.09732	5.02828	0.0690403	-0.03259039	5.19373	4.78744	0.40629005	-0.35234022	4.525	2.925	2.3333333	1.6000001	0.5916667	6.2875004	3.8874998	3.0	2.4000006	0.8874998	1.6000001	1.6393442	4.249292	1.3422819	-2.6099477	2.90701	5.5737705	5.691218	5.560403	-0.117447376	0.13081503	2.6099477	1.0	1.0		0.0	0.5300002	21.057785	1.0	-0.6	-0.9	1.6	0.29999995
"Ireland"	53.0	54041	4.0	2004.0	"LABOUR"	53320	6.028	6.722		-0.69400024		5.002	5.466		-0.46400023		0.46400023	71.0	1.0	6.099	6.313	-0.21400023		4.92248	5.32479	-0.4023099		4.9193	5.68539	-0.7660899		5.365	5.5		-0.13500023		7.5474997	7.75		-0.20250034		0.13500023	11.904762	16.666666	13.559322	-4.761904	3.1073437	6.035714	6.25	6.1101694	-0.21428585	0.13983059	4.761904	0.0	0.0	10.6	0.0	1.1300001	22.290077	0.6744186	0.39534885	1.0	0.27906978	-0.60465115
"Ireland"	53.0	54091	5.0	2009.0	"LABOUR"	53320	5.708	6.028	6.722	-0.3199997	-0.69400024	5.711	5.002	5.466	0.7090001	-0.46400023	0.7090001	77.0		7.3	6.099	1.2010002	-0.21400023	5.6526	4.92248	0.7301197	-0.4023099	5.3847	4.9193	0.46539974	-0.7660899	5.80625	5.365	5.5	0.44125032	-0.13500023	8.209375	7.5474997	7.75	0.6618757	-0.20250034	0.44125032	8.591886	11.904762	16.666666	-3.3128767	-4.761904	5.886635	6.035714	6.25	-0.14907932	-0.21428585	3.3128767	0.0	0.0	13.92	0.0	1.81	18.678295	0.9130435	0.6744186	0.39534885	0.23862487	0.27906978
"Ireland"	53.0	54041	4.0	2004.0	"FG"	53520	4.973	6.125		-1.152		5.743	6.131		-0.388		0.388	189.0	1.0	5.847	7.789	-1.9419999		5.6743	6.00807	-0.3337698		5.75911	6.12088	-0.36177015		6.565	6.5		0.06500006		9.3475	9.25		0.09749985		0.06500006	18.336887	8.317215	13.56784	10.019672	-5.2506247	6.32516	5.8742747	6.110553	0.4508853	-0.23627806	10.019672	0.0	0.0	27.8	0.0	2.63	9.316771	0.8666667	0.4666667	1.0	0.39999998	-0.5333333
"Ireland"	53.0	54091	5.0	2009.0	"FG"	53520	6.019	4.973	6.125	1.046	-1.152	6.235	5.743	6.131	0.4920001	-0.388	0.4920001	111.0		7.308	5.847	1.461	-1.9419999	6.17626	5.6743	0.5019598	-0.3337698	5.88976	5.75911	0.13065004	-0.36177015	6.5	6.565	6.5	-0.06500006	0.06500006	9.25	9.3475	9.25	-0.09749985	0.09749985	0.06500006	12.157535	18.336887	8.317215	-6.1793528	10.019672	6.047089	6.32516	5.8742747	-0.27807093	0.4508853	6.1793528	0.0	0.0	29.13	0.0	2.5	9.743089	0.7575758	0.8666667	0.4666667	-0.109090865	0.39999998
"Ireland"	53.0	54041	4.0	2004.0	"FF"	53620	5.578	5.611		-0.032999992		5.976	6.486		-0.5100002		0.5100002	303.0		6.462	7.186	-0.724		5.81818	6.27092	-0.45273972		5.7602	6.74	-0.97979975		5.865	5.8333335		0.03166628		8.2975	8.25		0.047499657		0.03166628	11.217184	13.02521	5.496454	-1.8080263	7.5287566	6.004773	6.0861344	5.74734	-0.081361294	0.33879423	1.8080263	0.0	1.0	29.5	0.0	1.6300001	6.2461348	0.8888889	0.45945945	1.0	0.42942944	-0.5405406
"Ireland"	53.0	54091	5.0	2009.0	"FF"	53620	6.093	5.578	5.611	0.51499987	-0.032999992	5.808	5.976	6.486	-0.16799974	-0.5100002	0.16799974	127.0		7.513	6.462	1.0510001	-0.724	5.62356	5.81818	-0.19462013	-0.45273972	5.31392	5.7602	-0.44628	-0.97979975	6.30625	5.865	5.8333335	0.44125032	0.03166628	8.959375	8.2975	8.25	0.6618757	0.047499657	0.44125032	9.295352	11.217184	13.02521	-1.9218321	-1.8080263	5.9182906	6.004773	6.0861344	-0.086482525	-0.081361294	1.9218321	0.0	1.0	24.08	0.0	2.31	11.184883	1.0	0.8888889	0.45945945	0.111111104	0.42942944
